id,tG2_LSUB,tG2_LCA,tG2_LDG
100206,0.5825702358880531,0.1685595558879885,-0.1851346860532728
100307,0.7628358814987883,-0.035992545782906823,-0.586732601093928
100408,0.14523619583120762,0.610358258581525,0.011799640563344076
100610,0.539489330543552,0.33658433296824863,0.47524801882710355
101006,0.7294225141177089,0.449561211840936,0.3360614659664213
101107,0.4272351752167563,0.4583326233575449,0.10056099133752083
101309,-0.26703078153589954,0.14543259661074845,-0.49206077854528363
101915,0.4795542414211538,-0.1555396988408531,-0.6103048276032932
102008,0.6253745476441283,-0.605940520228667,0.6433759354878383
102311,0.059753818883471234,-0.37094882948166147,0.2985873013600225
102513,0.7544294351608117,0.010098612705014842,0.35101122613533864
102816,0.7440899305556075,0.383628307940296,-0.32714025208091435
103414,0.7996684662682755,0.3038831726365403,-0.348099205088541
103515,0.31015472989307513,0.15137043173778347,-0.5855621631337644
103818,0.5631381834618227,-0.03526927452808716,-0.05044149853934642
104012,0.6495992416575286,0.46672534559414974,0.08752866082598698
104416,0.05312445228494855,0.4741871142492201,0.5534579834656286
104820,0.8673218166045394,0.5390671328889383,0.03440935695858103
105014,0.32498029195945505,-0.142648549167406,-0.7586351185240985
105115,0.44749005215407167,0.35099603923112593,-0.02346886100908642
105216,0.554515565564363,-0.11238365460848644,0.5574011702862302
105923,0.44715608614903807,-0.4778460098387797,0.23502002328250732
106016,0.14286533893920433,0.7465484072760695,-0.4576320646632307
106319,0.778280139634355,0.4210625059219596,0.07549294906402547
106521,0.8410041049413843,0.4538366009842852,0.3332872256018567
107018,0.8240011899375704,0.11105385534175174,-0.8354282370163117
107321,0.5076052103847815,0.5614729064427243,-0.11563434777635213
107725,0.4800382653728018,-0.35787538064011587,0.36321142194274036
108222,0.8805863737526682,-0.24171564702660842,0.2752918303196581
108323,0.8340194576077911,-0.22397451042563804,0.13189114111501618
108525,0.013877965938661446,0.02929609673721296,-0.04846259975730477
108828,-0.19031750587448798,-0.23095106865494977,-0.3608709352129024
109123,0.33656089657403765,-0.04966074448853498,-0.4342462838090758
109830,0.49132508594904245,-0.02893702366435571,-0.15936463416138902
110007,0.5049713270683929,0.21508561265771514,0.0024115954048701494
110411,0.788213849403918,0.7306942741381532,-0.19860897405477057
111009,0.702193071522776,0.4691051413006611,-0.4418123567859065
111413,0.7867987337303297,0.5208636022278808,-0.34811812225865935
112314,0.495209324295377,0.15433687590097211,0.3866573718517681
112516,0.7778831202002185,0.16870854823613257,0.3545430592812433
112920,0.017770555440212613,0.4177783813039185,-0.26531318123636205
113215,0.7126793400495408,-0.03863958788250021,0.35360725269064364
113619,0.7389856629051055,-0.17932617444126212,-0.2214016392057797
113922,0.9168486930874193,0.22438061788363295,-0.401197417880267
114217,0.6233918805613059,-0.5206648038344913,0.14079588968719423
114318,0.8854953425207684,0.4169257463384315,0.6738939971351903
114419,0.02068936792823005,0.17858897100729032,0.22683456896298304
114621,0.4632268950002708,0.2032414437289739,0.7680904021016439
114823,0.41129831299302044,-0.3537572999100571,0.5693317697941611
115017,0.5275042950190274,0.15852684363862096,-0.7575742826522879
115219,0.7886527885044256,0.4459509673220958,-0.02992134963081408
115320,0.6694464474340363,0.40947270205262515,0.28744858319876987
115825,0.21714604193720907,0.14480267918871167,-0.09532680032111562
116524,0.3782419840117718,-0.11048041034375033,-0.5068030565472496
116726,0.05817743929966815,-0.08011039898934888,-0.4880226552823552
117122,0.9013486373448267,0.32124059976639996,-0.49909488046649647
117324,0.8370250744141922,0.21708810516793742,-0.19989913745441687
117930,0.8164791017016795,0.13112933412311673,-0.47543064288733394
118023,0.6229091633033759,0.45239879808367317,0.29418178157769115
118124,0.5582823873907017,0.5546712093472543,-0.07531697445075586
118225,0.5273488088945386,0.3741570512674918,-0.5502711926390764
118528,0.7929418443617912,-0.1765774201532706,0.4545408041731444
118730,0.376974076764841,0.19990719004893576,-0.5394425245738262
118932,0.060405751224900765,-0.004252141341115793,-0.3721933857562655
119126,0.08988533189264732,0.2900452674085574,0.10826193013555
119732,0.32721814167666397,-0.3894190963193578,0.6469419542039776
119833,0.83750779252589,-0.0907324563103549,-0.21083545328328293
120111,0.590546786225552,0.6098546375945296,-0.52824739192871
120212,0.8408038181432443,-0.10057220640563991,-0.23565685580700196
120515,0.2750733009198545,0.5354871671321287,-0.37265386118644994
121416,0.46638771214412744,0.2539850954721941,0.44140212906266274
121921,0.6897786348159549,-0.049786749588291525,0.2884447496468167
122317,0.12472638833220573,0.05088754622321999,-0.3207355746321394
122822,0.36491707221319736,0.1407604507033966,0.6709072212616657
123420,0.8309073564079007,-0.1939875127135705,0.34675747814415325
123521,0.868762401737553,0.34656832178785774,0.4654134788345707
123824,0.16717111046018565,-0.31685069139110245,0.12629359653109185
123925,0.858997314790207,-0.013391607124055358,-0.16733612300820097
124624,-0.09464454830907787,0.4706233460326881,0.13111529787610132
124826,0.19284650104183104,0.491504024227325,-0.4242561034043193
125525,0.7009235616042551,0.1155726726633035,-0.3728263312885238
126325,0.6054260307419876,0.3109919233132114,0.6630775029464127
126628,0.6279619056426915,0.15776191142517015,0.6601220180002279
127327,0.7263622613802967,0.4268744073358856,-0.5464987848048346
127630,0.8236432369232689,-0.25433350646651476,0.15139102558814016
127933,0.8461297350214136,0.5215163635388388,0.3298583267921524
128026,-0.3035675000274777,0.3429082914287498,0.4793161714020539
128127,0.3279520016963231,0.1730565070952218,0.46468828321882377
128632,0.6532362658398067,-0.3923896180467337,0.39008668361907217
129028,0.6227578260070044,0.2603212662139127,-0.5760116328311871
129129,0.4078566513036421,-0.4157209259294954,-0.2860563115208971
129331,-0.5547234102190781,0.4992829484880422,-0.05745578904438084
129634,0.7584746210782498,0.4051685300392428,-0.7763615372518566
130013,0.8618417112306097,0.5073203374796842,-0.08315899831737955
130316,0.2128331783583401,0.11059820811646015,0.37937930442459084
130417,0.7679144609972174,-0.44050424412044964,-0.4446227570443151
130821,0.6962290514609495,-0.19949171401803692,-0.2673338563497137
130922,0.28313292380910815,0.2929534432947621,0.35611756070975836
131419,0.7283719436757023,-0.21392871360787036,0.6011400676787741
131722,0.6482342571197163,0.1258630968343029,-0.09091579181086462
131823,-0.10481151502079308,-0.3119089308240619,0.18932647064860458
132017,0.5841036076099453,-0.14669871599926976,0.6282171177471234
132118,0.5993334939678907,-0.047804927796843415,0.21423171333790048
133625,0.8176396222982949,0.36351723691481863,-0.6448599863981634
133827,-0.3466505190373772,-0.39912033660725543,-0.7290095546852017
133928,0.5549561047975677,0.13738608413833397,-0.31930426650687316
134021,0.747318847901226,0.2909917844033615,0.1276773985369007
134223,0.3821467482681261,0.2456540977877627,-0.08369404011624551
134324,0.8379205111142348,0.6772083451491977,0.2821257173075672
134425,0.5474733026659896,-0.4102995130886242,0.1629265616708044
135528,0.43327103190972105,0.07165199624014626,-0.6963569838606564
135730,0.8042849526696954,0.06647080201820788,0.4451637978948819
135932,0.045378072715153,0.18086696470040736,0.40687922549151095
136227,0.685745975381973,0.48603330595188,0.1771395314603354
136732,0.26018161191412537,-0.1925099728100581,-0.48080174406958576
136833,0.8811695022767455,-0.10703832080947098,-0.49912709692140617
137027,0.2815663841176743,0.4430754484852018,-0.11766689570789565
137128,0.8365296510980851,0.5607492771342557,-0.7875114982919638
137229,0.7559783714616226,0.39666393714045756,-0.3807069930788347
137633,0.5475129595814117,0.20556581848594768,0.49806455956738693
138231,0.12868984174761705,0.13040831075028012,-0.10497192918201514
138534,0.8424999781327764,0.3370338254484869,0.2078344964260173
138837,0.13101646665751876,0.38626580074676686,0.5699256037781883
139233,0.23540467956170275,-0.5125917909829288,0.17591042359139783
139839,0.8077842076538775,0.1518829827826653,-0.25417442397930595
140319,-0.010339546412829047,0.03976730180239682,-0.40639736316390823
140824,0.09924730351622474,0.05904187231162141,0.14682332871196196
140925,-0.1438966514990504,0.1082103982054618,0.6660937332678709
141119,0.7291190985629499,0.11391532776070072,0.33121238592963687
141422,0.7322366631124326,-0.4303861679442753,0.2741284531714927
141826,0.5228873474318252,-0.30439665335441113,0.2619594874775577
142828,0.7252125207852893,0.425377025632527,0.0898265862172803
143325,0.2252883564231879,-0.1634622617903418,-0.460100579771397
143426,0.4910865834809601,-0.6486982110567578,-0.4522613808312959
144125,0.23919018899688635,0.4298852575696195,-0.5571285318850268
144226,0.7736482804814779,0.5494547260801764,0.4197443800818971
144428,0.2085918185449851,-0.06865901418999307,0.01253412460038076
144731,0.4470538282482617,-0.19943035032783712,-0.11068410475477924
144832,0.8441928948795424,0.15930561055905523,-0.011990984991898464
145834,0.6694938371074071,0.41839949739268667,-0.39066602671794115
146129,0.6964339221561374,0.09244706461638436,0.46180719734148434
146331,0.7671523768608398,-0.1195099045001721,-0.31471579320932386
146432,0.3650143487097578,0.7190025995335343,0.08994134093907069
146533,0.6145166771927298,-0.20688350360129165,-0.5737397652488956
146937,0.8378342835872017,-0.19795347335413382,0.5769222831405816
147030,0.9462309626890033,0.34870386302287526,-0.75053482690561
148133,0.46562791081008403,0.3213833401998836,-0.22619462140244964
148335,0.4525702667192272,-0.20972779952204085,0.38678109067516364
148436,-0.002933346113312127,0.26483162486574374,0.3755849881917539
148941,0.43775560098409416,0.2738622016216954,-0.834528961709071
149337,0.7657648752146107,0.21594685478514164,0.3223665775513491
149539,0.49007990638665117,0.20139561603690642,0.18500996317223156
149741,-0.02316949080597514,0.3443232066243048,-0.4900440071053298
149842,0.5058516568935779,0.5713650138655659,-0.086385566810308
150423,0.6253058137234014,0.513545438522651,-0.23786779719820716
150726,-0.26808534267309914,-0.330054396150237,-0.22429669568756727
150928,0.8334048635948734,0.08715822747298443,-0.5382904554670561
151223,-0.015935634690237448,-0.6824294245685818,-0.13408882950089535
151425,0.12739902054311675,-0.6004090959553724,-0.16675706367517773
151526,0.7080609134737619,0.2465555833492576,-0.5637305761289813
151627,0.32976446096552714,0.5391174155191247,-0.05956341745858608
151728,-0.12860723754356135,0.5004271777330314,0.01562099351839787
151829,0.5949608075804618,0.44080976343337513,0.05205718960278495
152831,0.7938458863522531,0.19591227999584832,0.014213013303799142
153025,0.2234418121279928,0.4215375404896188,-0.10231608863976413
153227,-0.010169302792019164,0.4480268150876238,-0.49432869562828463
153429,-0.04157461736618835,0.5717075112522766,-0.40616033314164335
153631,0.8791555867811949,0.5619547949640046,-0.08132048103207183
153732,0.7996021650736217,0.7962821696997859,-0.3755886422805125
153833,0.8490525628400469,-0.23666807474918652,-0.2889790583156646
154229,0.8439558013507604,0.39661412287679765,0.007454404495519137
154431,0.655905664257437,0.3767133376195452,-0.5505401481885652
154532,0.6068778413707282,0.1912013662804735,0.21449899500843994
154734,0.5742498371532871,-0.21997653205926476,-0.005108002341824869
154936,0.7025992681128077,0.1996955808573288,0.10468759483726653
155635,0.8006564192195815,0.1817107991170383,-0.17700681077478964
156031,0.43428588771204957,0.3165010785438189,0.3027125263315333
156233,-0.3342085545037606,0.07329827217745295,-0.02320843154074511
156334,-0.10384791836297205,-0.09316422157327697,-0.6531309092276386
156536,0.33622746346713545,0.7560359518341906,-0.01685975750030582
156637,0.816753357634373,0.39243505355205077,0.5415380553216471
157336,-0.4072561732696572,-0.3505170776721286,-0.39384393349000923
157437,0.4640681513794189,0.8130262219172735,-0.8956594799100226
157942,0.5094246527765567,-0.19248010995206813,-0.5999897481944564
158035,0.5562999381196998,-0.06666632612841211,0.5103693462120001
158136,0.6549436279118759,0.6114492328385523,0.27144859099592356
158540,0.4881029716030079,0.05929230857458624,-0.2810669139835835
158843,0.8145686235827019,0.1374567676641894,0.018548451937006244
159138,0.19421742290022315,0.737675719348784,-0.12377932208967188
159239,0.44181393983930134,0.47996828908653,0.5113909196021198
159441,0.08613601227855358,0.20265923321833915,0.20527230094088908
159744,0.28588191218637643,0.0644818104290423,0.38941488653758694
159946,0.5112005987623509,0.0007033303547782904,-0.5607405470990121
160123,0.7820362604702333,-0.15467345134555344,0.3729722531930729
160729,0.7272695234721215,0.5229383809684232,0.24952713245817898
160830,0.6928125935890259,0.5836955955834968,-0.6167635111426901
161630,0.6353288035405331,0.4386352942157564,-0.13205361893219758
161731,0.7122524663748664,0.5859260055401484,-0.3883990938425347
162026,-0.2283978275749536,-0.11975254309578251,-0.08959602663752972
162228,0.6985572556896659,0.685970012662712,-0.49282449088792746
162329,-0.04038969996882036,0.11514852272409573,0.6381149273982849
162733,0.4574136801219529,-0.0023764885842219013,0.12405420413818324
163129,0.5348064993964552,0.05269569196162822,0.4258252379695551
163331,0.7585408307912671,0.45227140128763055,0.14420025962712257
163836,0.8513391154386154,-0.13183573474468951,-0.13070761786791119
164030,-0.001916153172504674,0.48738171168850997,0.16737303404309795
164131,0.7891841713539451,0.11974941848104693,0.29293174379997294
164636,0.685500493397105,0.26114819361398833,0.284159115795673
164939,0.6078006179860542,0.4599802038471507,-0.234343940201341
165032,-0.2947814475869608,-0.45113436315226074,0.7617673839604006
165638,0.18281984215099462,-0.37630154751036177,0.5188813613025645
165840,0.04091504193249679,0.04277166095567213,0.38923520719902804
166640,0.3406935584301754,-0.3107269200512752,0.7097819673427797
167036,0.03000171113172677,0.38668755331561255,-0.09955491297610737
167743,-0.012554468698610561,0.6633263544566588,0.7605412482721552
168240,0.7573297951530933,0.4185574724079215,-0.29492138493030384
168341,0.37619061418269417,0.49858949424617455,-0.6060970951257314
168745,0.32709328797421894,0.33921698734345596,0.4688128356369247
169343,0.5294512092549228,0.3223486359785373,-0.17531344093396625
169444,0.5377401903453725,0.2750963447489553,-0.05296442817376127
169747,0.1520559001624144,-0.3042359554917,-0.5191995540448091
169949,0.22897147202390222,-0.09808804209235794,-0.152950309185445
170631,-0.16995965520410522,0.20538461057478302,-0.5833335431691673
171532,0.280548241899361,0.5438853332692176,-0.831861269921795
171633,0.7186269740084501,0.38417344145577614,-0.6127689934983636
172029,0.42467731600198577,0.3034115893003565,-0.2846981599359917
172130,0.8118753238941918,0.27373095359041866,-0.34285912026786347
172332,0.0666519530817758,0.14426420251829702,-0.26995386842541935
172433,0.627814661757866,0.5511312856655739,0.8449814504547434
172534,0.6101474249134865,-0.04687692378829929,0.17044051580943897
172938,0.37806591630435005,-0.3865632863979129,0.08519464881294546
173334,0.477562604373234,-0.3096665421272821,-0.18154884350030082
173435,-0.09596854398931969,-0.7308688065457345,-0.007417060908501385
173536,0.6647647018242588,-0.5700720581793141,-0.5018493190783231
173637,-0.2644880352795868,-0.06572273557067324,-0.9103674421640254
173738,0.161160205831324,0.13875971279584687,0.44273730894897223
173839,-0.043957743663783744,0.6108229621463004,0.04144202811636519
173940,0.39174543614857144,0.47458596172999534,0.25339586984177265
174437,-0.015235913624194896,0.41396582864822734,-0.1458517585429432
174841,0.7187184341048056,0.337787992642967,0.3165165834210802
175237,0.6855695048146616,0.32953252071577377,0.2718851682845726
175338,0.27308372627406563,0.6847191054558113,0.35786910199644384
175439,0.9350050339833111,-0.09407407850730118,0.6115109852501811
175540,0.5713671065325944,-0.17205794238742766,0.07998404145479879
175742,0.8886046031646004,0.5939083757643658,0.15390934522547356
176037,-0.0031975075714108228,-0.16788881797938965,0.3036251795825589
176441,0.7393009031063114,0.765043100955935,-0.395661770610829
176542,0.695977155372259,0.20014472912289555,-0.21639673938948856
176744,0.37070304129111564,0.6801174650771211,-0.537810636225664
177241,0.2087689228627702,0.3511283586600114,0.05158667614620328
177645,-0.24025827979797007,-0.18695251013177178,0.25004205735922563
177746,0.13386824785619894,-0.42232617349300056,-0.3290095999891746
178142,0.6637282617627359,-0.5368844990229229,0.35413386996676616
178243,-0.25655376739244995,0.16784263341739372,-0.6181521818423674
178647,0.7933657699827048,0.0035750055722574693,0.1588578434946637
178748,-0.0592530576749137,0.538480446670025,0.5772056993532534
178950,-0.17822830247923618,0.3577454303899014,0.541840842228855
179245,0.08610416456604686,0.2694341715601733,-0.022551382663366197
179346,0.0635638641758679,-0.17120184830918217,-0.5512710947129609
180432,0.12700542904742984,0.4006639310815901,-0.011261174882188047
180735,-0.43458952871880513,0.2844653486159931,0.32249696950007695
180937,0.31416615316809915,-0.3347384505275539,-0.11009592410384536
181232,0.5088596477888743,0.25585040116182267,-0.1307001956613215
181636,0.3199314285515487,-0.4381013674773539,0.5482513144414616
182032,0.6498904036515025,-0.14396481660739785,-0.2648233469900316
182436,0.8603773428964723,0.04510342359058996,-0.8856903077293611
182739,0.35156981668570586,-0.17945156590215144,0.09084062372841528
182840,0.7440707112632277,-0.6583499763727438,0.3704409092849906
183034,0.8232497479323264,0.6950874037238413,0.39587988172848854
183337,0.5288469892067269,0.30909488350388903,0.1868159412969919
185139,-0.19600631983274494,0.6166701452028802,-0.12845966087081118
185341,0.24569107028870976,0.35518928761202007,-0.34783775077175355
185442,-0.35984650003430974,-0.5927909241543887,-0.3520984817449829
185846,0.7616265685976211,-0.6024960333668414,-0.14103939314723163
185947,0.898716037629012,0.5555388250445911,-0.8066126065944086
186141,0.4841743752319555,-0.04315347052332338,0.4323865852856996
186444,0.6997600148201266,-0.08278423345755503,0.5301834815659063
187143,0.3575071251197048,-0.008154210107353212,-0.15610177540800985
187345,-0.17239477508251777,-0.015587144272196774,0.3862019410847353
187547,-0.24878143901428637,-0.5497847580789657,-0.05528551089769951
187850,0.49226582982869094,-0.23457347157422126,0.34190324791216414
188347,0.727875297239871,-0.3996297543827686,0.8162170870806814
188448,0.7723441764087575,-0.4784258680789809,0.3889066042353081
188549,0.1781111858426636,-0.05660519805850519,0.3969591424216219
189349,0.35531213706272446,0.23921551817665254,0.04431871706831259
189450,0.40376230999807183,0.24725074569562588,-0.2560824908250854
190031,0.7245795126771917,0.47124250557350356,-0.06485744600720125
191033,0.79729097492112,0.3066043614699429,0.04981601211428091
191336,0.6643697831972722,-0.029264160135999105,-0.5303316898159229
191437,0.8347783817783131,0.28928600146118766,0.8176436977855477
191841,0.551803150374899,0.16478973984877687,-0.04482434700354618
191942,0.3153676649451358,0.2746102960375024,0.5897986338080666
192136,-0.13880168528360307,0.07133892671255301,-0.03182115369227844
192439,0.691790865865962,0.5084158094720047,0.39277783624756846
192540,0.7349687434467395,0.3121546070536445,-0.267736587330557
192641,0.7520502231827483,0.5493285848707036,-0.18330349530106982
192843,0.7229205034756008,-0.07626353431660576,0.09428912664078126
193239,0.7066487373734538,0.3766155067546334,0.27862011273412796
194140,-0.11856518913169214,0.0697053801267768,0.3559695196830824
194645,0.9180963773534241,0.035284423738408316,-0.733643251494873
194746,0.8698107974129428,0.0220302112653172,0.0314516106494775
194847,-0.04497231447458997,0.3409068631518143,-0.015467237515378885
195445,0.042225043094553966,0.11559455160773018,0.06814385776524662
195950,0.5676818366177787,-0.20732512357300747,0.26776416875443165
196144,0.42672462798490707,0.15235158851187347,-0.7101291213795669
196346,0.5669747659579798,-0.04027709349857944,0.1550673205249905
196750,0.09792668066258084,0.21789788153939985,-0.2753935332838219
197550,0.7426498744167076,-0.09121780963322229,0.5944897266209621
198249,0.3002627815864718,0.4909900677395238,-0.09209067403843443
198350,0.529216682696396,0.13549824611870953,0.3701596637354361
198451,0.5192475530806762,0.09797742531028819,-0.8310852493482546
198653,0.003607488249990482,0.3989259391104457,0.6832500307874383
198855,0.7742018457896684,0.2248987395875674,-0.5375080980109657
199150,0.18207394709084132,-0.3674941214554356,-0.6127359697249101
199453,0.8152447306632777,0.2001690905704493,-0.11182659568516737
200008,0.6259707242486824,0.054640808928441406,0.1949165209066477
200109,0.32009791696024725,0.19752487348252018,0.3535959180182274
200311,0.778418384746911,0.3526757466078427,-0.3226912855504247
200614,0.8185467253518902,-0.31033811521925453,-0.11613093487025353
200917,0.5294895924321817,0.7511452891248042,-0.4267534569541618
201111,0.6492356939795347,-0.2425706772287135,-0.0018421328192272431
201414,0.3991892666281479,0.5207134990898701,-0.09442286688574067
201818,0.7071890980614877,0.5501783359308912,-0.40198071950554237
202113,0.3154453042664423,-0.058123013888373584,-0.37131424785915157
202719,0.7450088765928273,-0.5485435843546145,-0.20728517711538316
203418,0.7149898219064604,-0.017344479690056876,0.36842545796590126
203923,0.18590760305203252,0.39092036020121146,-0.17588560269554554
204016,0.36539080107468686,0.26257123087677814,-0.6925566519877276
204319,0.36232682469946,-0.10858844763288794,-0.2743051202030732
204420,0.6035859941354524,-0.40073041330297976,0.36160292152820706
204622,0.36570720944649926,0.577313047864854,0.03352090048916529
205119,0.6047367719556094,0.21118740157575117,-0.2630826634877916
205220,0.3561970910377046,0.0016351251750510633,0.7701347092579848
205725,0.6176587615212005,0.20410557667700666,-0.3903689508506736
206222,0.2896500447383299,0.2952915326901101,0.008234158383301916
207426,0.8227202632265762,0.0009787975751882096,-0.8385315474839379
208024,0.5165849420538215,-0.07859961879002828,-0.24829042176225807
208125,0.6594729610615888,0.32587974390481156,0.3759328914801588
208226,0.4031834185328964,0.14163779531455983,-0.5912921943147402
208327,0.67267425362377,-0.5193278917756987,0.22696870114125622
209127,0.6359602867333811,0.39907818726061095,0.318705923120969
209228,0.2397335200954398,-0.5069527343318279,-0.011715869103797225
209329,0.3191332027833157,0.2778768545615615,-0.2366376049031828
209834,0.8774610670505729,0.7097459258041983,0.027550525299807185
209935,0.8298197836175785,-0.04879621920062925,0.06316670855655096
210011,0.4899891645372228,0.38104246692179444,0.7013918022449467
210415,0.454179956923539,-0.10026699288881108,-0.07651259197866753
210617,0.8483020383677031,0.656864350360717,-0.08753193207634656
211114,0.8808536173427927,0.2851522823730783,-0.02379271613272027
211215,0.8593711178679859,0.7330557188993064,0.6292599333372774
211316,0.35960209300813417,-0.4539860855309945,0.2817342488236161
211417,0.7500799736507158,0.06065576582384366,0.07394277994639088
211922,0.8300671694913517,0.34218986585913,-0.03375807956003819
212015,0.6600223838478767,-0.07683376243976311,0.08490903043969447
212217,0.6978865335380493,0.4334650608377223,-0.008187636611180079
212318,0.007439227971421802,0.2814643097631248,0.37825378177303803
212419,0.4996135184218182,-0.5135535959734916,0.3741612666630042
212823,0.9437839975684199,-0.06889978002514202,0.013774816552337678
213421,0.8495784161157015,0.15948987241560114,0.08532931721484088
214019,0.5730987724679153,0.45448967006506563,0.20345746929262593
214221,0.7174798412054111,0.3277141609401361,0.18232054128470687
214423,0.569836241415415,0.08619469709494755,0.7397033536450506
214524,0.7318736887509742,0.5192060346826992,-0.39057234386835893
214726,-0.13382472195707107,-0.6457348279165238,0.04423225770660466
217126,0.23336940419430155,0.0711166003020651,-0.5104267738436667
217429,0.7375957945000461,0.4421432852575623,-0.14468566039201014
220721,0.2707047913561767,-0.05568079357031308,-0.22357373588548793
221319,0.5564200735995397,0.546347724291001,0.38058176832741053
223929,0.16060065172045235,0.4921938001528571,0.28530045214666794
227432,0.7021767267893881,0.7103098718015319,0.20949767808106481
228434,0.283290487733569,-0.3144000824441477,0.37332874862188953
231928,0.7894278548391354,-0.3416372765447394,-0.17756740271575838
233326,0.2475185624376329,-0.3947157102284486,-0.1090627003555194
236130,0.6984658293932928,0.1034143085346522,-0.11838152990991896
237334,0.7612305375510773,0.5208761019483429,0.02162078100297399
239944,0.23025733829460238,-0.29947358180039074,-0.18562721537030513
245333,0.6436651923952685,0.07103425521558888,0.3284571579237364
246133,0.8249925572581513,-0.0889040000853479,-0.21682342800174198
248339,0.7540849052525869,0.6611537801666376,0.3313075114289993
249947,0.09981087473126904,0.1359267371490273,-0.13955435066584754
250932,0.6120124482860909,0.04090760670895484,0.5828252775521778
251833,-0.05366989436849402,-0.030818129228210627,0.14745694140685212
255639,0.2964891119381848,0.2659855659866045,-0.030649628424062166
256540,0.833652772468097,0.1063200833569935,-0.45326348462912197
257542,0.8469514855095536,0.27019128882779275,0.14768641825636106
257845,0.5567241079967699,-0.2950214426538998,-0.01640554112322823
263436,0.7463356493134388,0.13412968167004044,-0.35466930039946104
268749,0.797150322425995,-0.06501716477224509,-0.8927845757441719
268850,0.6156586880009576,0.32400376161937405,-0.019121532547666423
275645,0.832308170317619,0.31776748987138836,0.39218120791741806
280739,0.7254635579187283,0.3308703205824681,0.6033104837289232
280941,0.7745247386291674,0.36999522244048677,-0.4557845771276366
283543,0.6189167818816426,0.6398947439830067,0.23562606765687819
285345,0.5243357684321934,0.639512413003954,-0.08774777342278106
285446,0.3920395363929779,0.2608606095028777,-0.420622824422172
286650,0.3427843949759649,0.3678329705970052,0.2152725989967076
287248,0.791707230473615,-0.6812796793362059,-0.8226538225199022
289555,0.5832858719772327,-0.13415213110985716,-0.7636033545217513
290136,0.04260249122906705,0.3869202578498967,-0.41148499796311405
293748,0.8694065465954921,-0.22901306507110228,-0.3031849048840765
295146,0.7308519201950685,0.2158526035598499,0.4482987440342425
297655,0.4039395075429205,-0.31618964421749507,-0.13340498203131346
298455,0.06295873078183598,0.012769447100389943,-0.3583824366543742
299154,0.6617776773591166,0.3120265218182874,0.44077345425565484
300618,-0.11746564113006813,-0.1541443269213888,0.0735870812193771
303119,-0.20569019191016544,0.5065638825592642,0.5677035645402729
303624,0.30911627418032844,0.6975791829431577,0.0974812492603522
304020,0.6889948969907871,-0.4293040016854038,0.5491089849033597
304727,0.8751352748336545,0.25307115679050196,0.17551125025073738
305830,0.4946742498721196,0.3589768309067568,0.36813227238657714
308129,0.10171117052794872,0.7599445860659613,-0.28740783377306145
308331,0.6106549423633006,-0.04763860874000973,-0.026437750872129448
311320,0.8285613565197424,0.366253967181259,0.3367209188546516
316633,0.5759652449822099,0.5627533031287998,-0.2636354243929394
316835,-0.1749497017824181,0.2933519971595,-0.696563909558331
317332,0.5048330062610689,-0.14360731935134163,0.5153008317460437
318637,0.48403218472605053,0.17779641312228744,-0.4915563000089702
320826,0.7041828586430442,-0.7003127626515824,-0.1327397337702358
321323,0.8092782440512698,-0.19337051875280065,0.23554320207793134
322224,0.7477370263280707,0.6925802646598742,-0.21519431167332218
329440,0.3918253622099166,0.12552511157836008,-0.4037697938855732
330324,0.5579897158491749,-0.3824578600169716,0.4183724804640482
333330,0.6944355598904686,0.46396650698554365,-0.275415662265887
336841,-0.328966176929639,0.5966069005002579,0.13656481674157442
339847,0.3444347460762722,0.42235166831045434,0.45252619237930247
341834,0.338566714424145,0.2819689644291049,0.654356072223507
346945,0.373376638812914,0.2818880935047944,-0.4757331968832126
348545,0.42738233998384856,-0.6135229706684331,0.5740866844767707
352132,-0.16443132621754636,-0.49772654851314413,-0.5148084106881788
352738,0.48149424930608775,0.24595921500510226,0.6944444030246995
353740,0.7904713761352578,0.5371724834097411,-0.5047026923010494
358144,0.10799030505117575,-0.19799150234959267,-0.7122938436519719
361234,-0.10396021681633766,-0.14167788495998418,-0.5676351047794905
361941,0.4773969214257711,0.37072295635208774,0.11624595309749648
365343,0.8976139276651721,0.3503649018227787,0.4461618738996168
366042,0.9180312096393839,0.4113598667661148,-0.31624145113112795
366446,0.44216594206038734,0.08223942351857844,-0.4840993050520685
377451,0.794553792095815,0.07866156561553653,-0.4327109479601825
378857,0.5721481496558767,-0.3754306558727072,-0.18181123881206568
379657,0.8300211138523839,0.014216591101984938,-0.13007871443512248
380036,0.8485314071326127,-0.46090985970687903,-0.27639968734442216
381038,0.7861553231121468,-0.31687301395402545,0.6530404609335041
381543,0.17097264481834915,0.02135341022728859,-0.5131070436009607
382242,-0.10689309215241424,0.334722195734777,0.16142223627310373
386250,0.7503336489028445,-0.38519979146916383,0.009373632037476686
387959,0.895787191614654,0.09697546015962297,0.3263038878257694
393247,0.404236764124449,0.18815713287428215,0.08131428349940409
393550,0.48750916848974524,0.03712613867494237,0.2501265458164899
395251,0.4946533523177985,0.3112441625577479,0.45318687766758053
395756,0.5922254184605276,0.31933857444694974,-0.5333463070350511
395958,0.7257133092585653,-0.49904256639087485,0.4081315629305099
397154,0.40597768176414484,0.5896009772757708,-0.02218724235642681
397760,0.22440594463905544,-0.4964827481774001,-0.043952900348211074
397861,0.3597472304980085,0.5145900390614067,0.09555732888184884
406432,-0.06434237714614761,0.55431219734113,-0.4146498712626274
406836,0.09167735511777969,0.5242511429433255,0.4180613741489826
412528,0.367984259655218,0.520371691734264,-0.5292892651892138
414229,-0.17009554400522844,0.3453625090328165,0.4844562190808392
422632,0.5198771131643107,-0.35651236606744796,0.1857468739354028
424939,0.2987577994476489,-0.06308024821512766,-0.6157513672704604
432332,0.8508537436838295,0.28164095785800314,-0.7825654402544017
436845,0.01060601226558269,-0.02939745445477289,-0.44380242710521867
441939,0.32663873219232037,0.1863108179036742,-0.3435413902684746
445543,0.8985246795612859,0.4304663309871246,-0.00534533484091319
448347,0.8046259994763056,0.2805923445817817,-0.47759962076573115
453441,-0.07079985969325314,0.2399612334399354,-0.1382423398057489
456346,0.5229552867111033,-0.0312869744304598,0.13714502081335264
459453,0.08164488043771526,0.4128367851656848,-0.13022584124371475
467351,0.5810185928675892,0.25736077557259507,0.656631517732096
475855,0.5353746997533282,0.16368974484898238,-0.7337343568415067
479762,0.659180594045606,0.33430490077385033,-0.12466525746451165
480141,0.17663623693819758,0.1713230039165203,0.3109157890797205
481951,0.25444838441067247,-0.37504576519830224,-0.46689600570230116
485757,0.5818621420095123,0.2682432527521237,0.5725320576840764
486759,0.028660272270691844,-0.566287551501273,0.11970513510425144
495255,0.7612924338892826,-0.5411838994168325,-0.1595612588487344
497865,0.3860123476529762,0.022562667882666823,0.45677993599853955
499566,0.08043520946063715,0.24750589206737247,0.33429061381555025
500222,-0.026613611497161578,0.6024100305720516,0.38228906412589503
506234,0.32054401341050137,0.4818655118981625,-0.3426508624936998
510326,0.48025835057902666,0.1516988756086936,0.8455677824999357
512835,0.6706112115691398,0.30270975075579143,0.6962311350767342
513736,0.20004796621848475,-0.16976805735121672,0.11391540081404836
517239,0.22466227580803583,-0.06613487499375038,0.43031183450742805
519950,0.42680658045488423,0.29444194120550926,-0.46652165049572525
520228,-0.1289567571275096,0.6503741061293979,0.5985006658368843
523032,-0.008340251792037078,0.489388946214783,-0.45931145874513607
524135,0.3000836603916419,-0.11982622618527068,0.1024989256229854
529549,-0.37522822961262636,0.4107179126649322,0.6407861718403722
529953,0.7182827288764879,0.5627882636707678,0.2528433195813621
530635,0.4997665353403994,0.6527126216116677,-0.10112801118369918
531536,0.028156713169368987,-0.3475566327723111,0.4714791609516783
536647,0.29926187807108395,-0.521916312087564,-0.39678957212704835
540436,0.21227789442218714,0.31367682757736914,-0.029397722682606136
541943,0.7018015334448358,0.32870591977274094,0.6304027128582532
545345,0.23863665742722012,0.33260461458265766,0.5343355767778706
547046,0.7938915805574761,0.6002999400025012,0.160166444496449
548250,0.5021215589929832,0.14841313458762379,0.8893341918632962
553344,0.42626099969254244,0.19167565442349382,-0.002130626662729059
555348,0.7691383373329325,-0.5193177569719314,-0.347051015165199
555651,0.7785300643616407,0.41097781936051514,0.6259831987403699
557857,0.6351287304691662,-0.005343443592268682,-0.08623190957786217
559053,0.7737542955645489,0.6128919375184693,0.4415807638380209
561242,0.9367828474883975,0.2413206095909665,-0.20427191804497724
561444,0.3141513241517466,0.18693677307074733,-0.48525646356333413
562345,0.5662723931207345,0.18646016526189224,0.24236256155661
562446,0.8774275916830139,0.44115928787901326,0.5068656228803163
565452,0.5568852077493266,0.3633694676340269,-0.4689275104414327
566454,0.7937454048000337,0.20561045198312455,0.54492909599633
567052,0.32228045906297675,0.19447424619426454,-0.5885614070511902
567961,0.7308044818239189,0.5191948088461686,0.20291264431504855
568963,0.024373942938713464,-0.14944197494352532,0.7661577730182121
570243,0.26662691804603145,0.34289447559952496,-0.015329514256099304
571144,0.7204042260180282,0.3835675921212889,-0.6760894765344815
572045,-0.17639813050658493,0.008084953069924374,-0.3275673660044615
573249,0.8355927823176184,0.07813101333150457,-0.31814187467269345
573451,0.733840531888232,0.4619007442659337,0.03592096225106795
576255,0.6305385652210116,-0.0836899860799798,0.4887436152132346
579665,-0.07971621960164493,-0.08391485016260773,0.5187757621312059
579867,0.7724719273088344,0.4705341754982678,0.49686343880376355
580044,0.6230847530791489,0.43152977589788544,-0.5343146717802892
580650,0.7123624989811801,0.18758348239094347,-0.3084740386665728
580751,0.772706911216715,0.24214067098237818,-0.2618100348333593
581349,0.7735686330914795,0.6511991001189351,-0.5660301260497671
581450,0.6680682810853481,-0.17882016117169106,-0.46124904348817297
583858,0.8202472581188208,0.6067381129982781,-0.23580604298034746
585256,0.359857430150251,-0.22599524668783622,-0.36403402359722864
585862,-0.11016889218980208,0.7117109244590925,-0.39305887110259075
586460,0.8401793194869034,0.44820073985733205,-0.35626267754881247
587664,0.03679282133556756,0.5020084597567542,0.8449825178397317
588565,0.36474172811993866,0.6472038404878842,-0.15778948687336167
592455,0.6417256668152737,0.42688161975216077,0.4136168443266519
594156,0.33813985935839475,0.18874751437897558,0.19422186491112955
597869,0.8246064003973099,-0.3121877867115475,-0.5210137172637153
598568,0.3495467080477448,0.22949551158127807,0.11129199857708091
599065,-0.07242083524516299,0.03249798310976397,-0.20269803670096975
599469,0.8007730751099579,0.07226463413739721,0.4951462542425382
601127,0.30395359513511555,0.20062770979348327,-0.6565514512491109
604537,-0.24246464947647753,0.1756209434733137,-0.3427023608395453
609143,0.16375145023105056,0.3831306670995274,-0.24343993051761992
611938,0.7648867519705231,0.503875495137976,-0.1447281106302697
613538,0.689180794000612,0.5182539481744304,0.2741698616469358
614439,0.7520850628003393,0.379422116662409,-0.588495715742183
616645,0.846018092055661,-0.061220749931312324,0.3598100139992239
618952,0.8205767029431265,0.2965619144165701,-0.5110211558360933
620434,0.43058225739546097,0.4244518530874247,-0.1840099557161093
622236,0.5071853438643861,0.6636588279921984,-0.6426778958345913
623844,0.7582158251626954,-0.371375884380671,-0.28491839368106225
626648,0.7887369698361812,0.2598782078236955,-0.7283823494222279
627549,0.057042323113648395,0.286256959150626,-0.16915291145958336
627852,-0.0003559923486002037,0.20330125688694825,0.0745437580955278
645450,0.6034713990980307,0.21720102842492567,-0.006574509051447696
645551,0.07637303788819702,-0.015608944111357683,0.5348880613414013
647858,-0.06936632064616158,0.2600534528658873,-0.17254908073011074
654350,0.6473806798024091,-0.1949712033054688,-0.5733380185824721
654754,0.9109490299114242,-0.23808304517338053,-0.354455041829961
656253,0.8564022645432935,-0.3345148869968608,-0.5271612300115995
657659,0.7268632871058135,-0.24370620661762302,-0.5656515856261597
660951,0.2119752375806207,0.5516633398317585,0.11056245626523334
663755,0.384678393873371,0.07199679858469588,0.5042420121035415
664757,0.48267973065519354,-0.3058077479449304,0.7953251105080441
665254,-0.3705554502288546,0.575410706903193,-0.23108689502000368
667056,-0.2570314254372294,0.3021660583583496,-0.21907643632659496
668361,0.685142526539801,0.013783453585306213,-0.4376050964861248
671855,0.47781509280679485,0.21678306834290945,-0.09804327303721479
672756,0.33444665572123056,0.18778611291030842,-0.05223291458430582
673455,0.26687124002119744,0.06792042672041917,-0.5779247524900963
677766,0.7319780044280493,-0.3197805381334977,0.481392213824057
677968,0.35216175886449474,0.007353089299952338,0.048597525547781906
679568,0.8581581219922809,0.5232584436046017,0.16636817663195422
679770,0.01872578447961495,0.464173755005755,-0.430923503822214
680250,0.8034118643574679,-0.28760911943801837,-0.03539095659553251
680957,0.49743401256041453,-0.6176934345471858,-0.3015277446614997
683256,0.6895637585277927,-0.5808295248462397,-0.1368840039374976
685058,0.1289534476493106,0.1345238448138686,0.4801779848620383
687163,0.20667801669631392,-0.5404113016916973,0.6206542842497093
690152,-0.2307448379251044,0.026559007936837697,0.3970486646369037
693764,-0.14235676395059924,-0.1529387512591148,0.3759042074546158
695768,0.30274539242986254,-0.11999656441911313,-0.016338951061216724
700634,0.7174044623280027,0.7065724874008451,-0.17130960761494163
702133,0.6759755687629762,0.3189399217209061,-0.36029537536942824
704238,0.2915126903635938,0.4709058871633374,0.6939810550547298
705341,0.5207435367215842,-0.5386465897808762,0.2650032848864845
706040,0.6669959006381724,0.1954351870820528,-0.21031283646832977
707749,0.09830072861459432,0.03752783202376597,0.06828389222408497
713239,0.05069371476053813,0.06521708566239244,-0.34672857083354325
715041,0.3777786639428582,0.3463349651025248,-0.5146986907801324
715647,0.8624835284392693,0.32091050002550614,-0.4782229093759558
720337,0.09088987393258105,0.08320145339109322,-0.217559412099533
724446,0.6952432778032336,0.4977535941033211,-0.601476802141997
725751,0.5640062219530824,-0.04915620564801647,0.7958203222294016
727654,0.4207291630135953,-0.11222671226498582,-0.4917404485333754
729254,0.7971412013622318,0.13360230076726365,-0.6313136662848403
729557,0.5402792122358558,-0.0403398797241834,-0.6407528715362232
731140,0.6687068031357283,0.4077397978554394,-0.45290418947394295
732243,0.7908507266105878,-0.010210756929181585,-0.043375086532864225
737960,0.42587053758897164,0.17036433558034814,-0.761426536575464
742549,0.01668738669591425,-0.4682483239948591,0.5481795368971119
744553,0.7469578019061363,-0.35539848622063874,-0.5619868739310292
748258,0.7406795319832324,0.16049409165510814,-0.15770937011427155
748662,0.4886742919079423,-0.616056441126416,0.3322562765017094
749058,0.11317229177149032,0.4764546997241587,-0.372125493299687
749361,-0.23632162160333892,0.2948443929201606,-0.09495478124144728
751348,0.7468457116294724,-0.5236135741797262,0.1432522325005316
751550,0.3939555948070334,-0.034862303095776315,-0.769586945314179
753150,0.7177278629650197,0.4034910811027551,0.476317701971298
753251,0.6966843479355727,0.2218082349079311,0.06264062572826068
756055,0.7449882750176764,0.43865916948811556,-0.15945502885567414
759869,0.4616507214924245,-0.5320515154248258,-0.525544423557015
761957,-0.14566185838596796,-0.6445319286797948,-0.7278622150135687
765056,0.6946826689295923,0.32520904459571603,-0.8563396539526758
769064,0.7763687424005437,-0.5477667372199827,-0.5232538844686738
770352,0.660275446808617,0.34705195543028033,-0.5974875812019351
771354,0.6578580083433221,0.20206872496107003,0.23332041462407854
779370,0.5881408319058078,0.3793549317656921,-0.5358715783825172
782561,0.7179575707232707,0.3288458257121435,0.806467121733145
783462,0.31317644930095606,-0.07584092001167914,0.5042539251690152
784565,0.41893423477005054,0.5268751386792161,0.5322613891117098
788876,0.7903272225399526,0.4518210102797758,0.18714988308526787
789373,-0.07985902591033225,0.1639629906213862,0.5883257724531546
792564,0.7887504840867409,0.5078578587255865,-0.29755891575731824
792766,0.8149513547618799,0.7886865263083179,0.5155580791039667
792867,-0.012587485445524214,-0.10246823245526818,0.2337765386341012
793465,0.6633452082580344,0.27129314286498823,0.6200478539682958
800941,0.7267847053498946,0.6194623837553701,-0.05721465784334572
802844,0.5228842693388673,0.644932970414116,0.14762587950896536
803240,0.8648456235852222,-0.6135280341585201,-0.6289920836053908
810843,0.5419613018256753,-0.2952171153566577,0.4633570008797441
812746,0.5803619703246068,0.33692762139849053,-0.7296576791697188
814649,0.6435278912781058,0.10961227105683972,-0.23640023870881274
816653,0.5798545026512334,0.20458180961686961,0.053543175695837886
818859,0.7131444901745945,0.45595337652803425,-0.7333869546993825
820745,0.4491296019784451,0.1595717700137303,-0.20249437321700947
825048,-0.23296562141199784,0.4891103888260464,-0.5101884024212748
826353,0.7197656313505636,0.2831568416012108,-0.5186337917119097
826454,0.7443167617972386,-0.35521595968166075,0.11017311904327587
833148,0.7267034080895098,-0.044675677555905874,-0.28606670892746633
833249,0.2596507636396375,0.3196949454437449,-0.4322590775257814
835657,0.48263525211697833,0.49274732012044076,0.6299816944753149
837560,0.04699192678465178,0.5507497034945311,0.552774712859469
841349,0.1521517213130216,-0.19485145907477927,0.7458051530894027
844961,0.6328081439476694,0.4700969420020534,0.40353450878122654
845458,0.6868048879830495,0.37176974595836354,0.31530143070423977
849264,0.8809916828666511,-0.22210586678371805,0.2665287889431861
849971,-0.09986134028776032,0.4909687917298172,-0.09785497015133315
852455,0.4516035154650951,0.4526303714542227,-0.4225738001973589
856766,0.6881777570249554,-0.3822590673634024,0.05980325064313795
856968,0.7259498856275253,-0.2195214516344548,0.18858524944221128
859671,0.6622320062909659,-0.33408921636422084,0.039721580255897934
861456,-0.25203528153736954,0.6402732694814012,0.5812161756952429
865363,0.8403995080469977,0.3675283757598674,0.3529684405414347
867468,0.07221104572355316,-0.4025856125159671,0.18038424302906841
870861,0.6611275644782237,-0.1447663139133885,0.32469377497436197
871762,0.38744185073418036,0.5456462585975248,-0.522987556921371
871964,0.6957774829356629,-0.6810448369700652,-0.04903536822117259
872158,0.7781917287587385,0.2784794467213908,-0.9047393720618421
872562,0.2928127767444698,0.5112895932069326,0.11734440606793418
873968,0.5527984245397822,0.4112392558399845,0.3220335618129502
877168,0.39253300775295263,0.07162431707622327,0.0785195402998107
877269,0.28104768957019344,0.2395288706294902,0.14513606689357628
878776,0.021720242156556012,-0.46475467659513414,0.4146877036146026
880157,0.8075050570479634,0.38277711317254937,0.4733406225270535
882161,0.06228402851225303,0.5228303752226995,-0.28503722046790536
885975,0.07731545955193103,0.034097627390312094,-0.36948420567464374
887373,0.48301324262197953,0.4031918741449108,0.2020681237075636
889579,0.8833478186670826,0.3996303545862503,-0.4134321727103399
891667,0.5440329258550871,-0.35835705906605775,0.16936974288903364
894067,-0.21350201867685425,-0.5584445782306822,-0.352960440205964
894673,0.8523282489481305,0.6154404566241964,-0.6062918991098226
894774,0.41042106773744214,0.2750494206566256,-0.6972413186622857
896778,0.7262868236421118,-0.008710161381108705,-0.04947618325041262
896879,0.7453328869277001,0.3922625367704537,-0.5079823941986339
898176,0.13792429451616514,-0.07368428259791086,0.38210577294691234
899885,0.73971846696395,0.6114867150099481,0.013560559233764433
901038,-0.1327068482863033,-0.07228570877152873,-0.7007429315330773
901139,0.49067295915364545,-0.30971649746352337,0.042525550904722265
901442,0.35035637292487637,0.45242711300339666,-0.10470609783588916
904044,0.49502253423544473,-0.5678012949620839,0.1175632482779081
907656,0.6282808548261704,0.0185925240245758,0.006028819469501408
910241,0.6671562522501417,0.6034305394818394,0.3729424356351398
910443,0.6027881716701494,0.6744963102986539,-0.14292544945867283
912447,0.6721454013564703,0.27819720135747134,-0.6503343727014861
917255,0.8649180447833202,0.30740848434208745,0.07068187620250878
917558,0.5691529902901046,0.08434090948578929,0.4476601510589564
919966,-0.32362867299433207,-0.28378184865819867,0.3533585731538771
922854,0.88551078503907,0.4436755754364455,-0.07702307611852423
926862,0.8570667757553347,0.2861665311745014,-0.4821251590092032
927359,0.7353165474572746,-0.4038603044864443,0.35583899083763454
930449,0.4388118843803411,0.5511150721969349,0.0450705533690897
932554,-0.008374420529815591,-0.21676685032465454,0.1543545927711224
937160,0.3330059589780765,0.5598583803311834,-0.1593338618000067
942658,0.6877827096618501,0.65928817607837,0.10423218226135492
947668,-0.009697830409929772,-0.043916956083099146,-0.07036392921507273
951457,0.3229154265717432,0.42792265091600934,0.04676270858878142
952863,0.04663975271761746,-0.4962923713693921,-0.18375092334923374
955465,0.5575845896817508,0.49294155978688803,-0.6363626678361789
957974,0.6958710035982414,0.39363135325292586,0.455647217560468
959574,0.8336327168970986,0.33165870777665907,0.13946547233101916
965771,-0.25168019531725283,0.4749172887334677,0.06038115046970324
966975,0.01461513164178362,-0.1508084730157374,-0.02993869039423546
978578,0.1291621296212812,0.6871253868566268,0.05424114927606155
979984,0.39619582800132414,-0.0010883645311365313,-0.10837049912774113
983773,0.18364073946884327,0.17684412600777882,-0.022221333116810762
984472,0.5611147660991394,0.72334800094917,-0.06624813824732316
990366,0.6125555425841008,0.4062417791842263,0.8345917257990305
991267,0.8182046865060375,0.5588865862835428,-0.011968487941690822
992774,0.6810846449491605,-0.17455392436559442,0.4001268320567747
993675,-0.1018500958729831,0.6018380616580237,0.1670675367193427
996782,0.526988200412285,0.32528530999462046,0.032197489076962474
