,t1-t2-LSUB,t1-t2-LCA,t1-t2-LDG
100206,1.9265547,1.9371022,1.6935081
100307,1.8229799,1.8714036,1.5281665
100408,2.0815678,1.9501896,1.5084771
100610,2.463624,2.2129772,1.6556821
101006,2.2153857,1.9635912,1.6438471
101107,2.003346,1.8396125,1.4743786
101309,2.2146497,1.9834349,1.6136237
101915,1.9392571,2.0141883,1.6929352
102008,2.0791075,2.0940523,1.6790059
102311,1.9784206,1.9317745,1.5834391
102513,2.0670426,1.989239,1.6446881
102816,1.9779423,1.8919523,1.6906495
103414,1.8988788,1.9940729,1.6135743
103515,2.3134737,2.0856261,1.8350613
103818,1.9086232,1.885025,1.5898633
104012,1.8900344,1.9853612,1.6022458
104416,1.8912375,1.9990089,1.5743757
104820,2.1983666,2.004995,1.640733
105014,1.9525974,2.0289435,1.7215445
105115,1.8340876,1.9417921,1.5626199
105216,1.9805145,1.9523083,1.6215006
105923,1.919815,1.9180404,1.5404279
106016,1.8422325,1.8712022,1.570086
106319,2.0019212,2.0377417,1.609489
106521,2.172987,1.944525,1.6483837
107018,1.891042,2.1980991,1.6855421
107321,2.010878,1.9001832,1.5596867
107725,2.2923923,2.1519213,1.6906471
108222,2.053434,1.9793925,1.6619294
108323,1.8816917,1.8416456,1.5593369
108525,1.9812891,1.8980415,1.5759481
108828,2.173257,2.0422173,1.7571472
109123,2.1830516,2.0497386,2.186353
109830,1.9323466,2.0449867,1.5430021
110007,2.2149034,2.1288323,1.7701125
110411,1.955051,1.9573752,1.5669944
111009,1.9315717,2.0044882,1.7226446
111413,1.9529725,1.9735782,1.6430339
112314,2.0687118,2.1333747,1.6981213
112516,1.9968649,1.9118922,1.5995458
112920,2.1052268,2.2590632,1.8653407
113215,1.9461963,2.0648375,1.6387901
113619,1.9289143,1.9534413,1.6411424
113922,2.461255,2.381917,1.846781
114217,1.9240394,1.8392538,1.5661074
114318,1.9162905,1.9145104,1.6378173
114419,2.1395688,2.231791,1.7893996
114621,2.0337749,2.2351484,1.89446
114823,1.9965699,1.9386863,1.5351186
115017,2.0364375,2.0644608,1.7121347
115219,2.3838139,2.335502,1.6527998
115320,2.0658946,1.9825517,1.6557927
115825,1.8784975,1.7496903,1.5008368
116524,1.9908109,1.9437263,1.7125455
116726,1.7653389,1.8733814,1.3781232
117122,2.0360823,2.159141,1.6306391
117324,2.0039477,1.8580656,1.6075178
117930,1.9801507,2.2503755,1.6247067
118023,1.907862,1.9218767,1.6957586
118124,2.019009,1.8811134,1.5423943
118225,2.2255096,2.5289893,1.767887
118528,1.8182001,1.8139648,1.5073887
118730,2.0482297,2.0045962,1.6366124
118932,2.052517,2.156425,1.7839342
119126,2.1706915,2.389997,1.9190688
119732,1.9555582,1.9723346,1.708545
119833,2.1032045,2.187553,1.7263944
120111,1.9959671,1.9724796,1.547069
120212,2.0031474,1.8831339,1.6286756
120515,2.0785966,1.9210215,1.6035534
121416,1.8714856,1.8348045,1.5510607
121921,2.0748985,1.9319152,1.5632024
122317,1.9737464,2.1634502,1.7908206
122822,2.007986,2.0487852,1.7556841
123420,2.023932,2.1174054,1.7200123
123521,2.1025276,1.9865699,1.6659454
123824,2.194963,1.9317484,1.6120098
123925,2.0857477,2.0836115,1.7552409
124624,2.0407968,2.126053,1.7498846
124826,1.9275279,2.0161335,1.6423498
125525,2.0532908,2.00727,1.7008557
126325,2.200716,2.357349,1.8362628
126628,2.124784,1.8732855,1.5854129
127327,2.131742,2.0338793,1.6335008
127630,2.1078663,1.9509861,1.6743723
127933,2.090427,1.9504175,1.5633612
128026,2.0945873,2.0245252,1.7185407
128127,1.8979056,1.9943192,1.5875529
128632,1.9851042,1.9823215,1.7278364
129028,2.0182354,2.0563798,1.6727804
129129,2.1609817,1.9609687,1.67208
129331,2.0028732,2.002174,1.6606071
129634,1.7060745,1.8157853,1.5561746
130013,1.9276559,2.000245,1.6764503
130316,2.1252997,2.0577908,1.6272192
130417,2.30834,2.1415863,1.7765642
130821,1.9114995,1.7844703,1.6296915
130922,1.839772,1.8803238,1.5949486
131419,1.8120334,1.8213522,1.5410614
131722,2.0270233,1.9283085,1.6397183
131823,1.9553416,1.9944227,1.6592844
132017,1.9156404,2.0060012,1.6270602
132118,1.9303483,1.9856515,1.6441855
133625,2.0783584,2.039516,1.655515
133827,2.204531,2.0595803,1.7461021
133928,1.9543829,1.8584852,1.5608205
134021,1.9627596,1.9019789,1.6171671
134223,2.0457988,2.0145338,1.672134
134324,1.9814435,1.9000931,1.5988798
134425,1.8100579,1.7558787,1.519872
135528,1.8613973,1.8542154,1.5366075
135730,1.9994068,1.9335154,1.5919232
135932,2.0281072,1.9744046,1.6144766
136227,2.0955057,1.9496279,1.6749218
136732,2.1670547,2.0727153,1.7792897
136833,2.3609703,2.163323,1.774426
137027,2.1761582,1.9839039,1.6671638
137128,1.9999385,2.00004,1.6722498
137229,2.268837,2.2290556,1.7554066
137633,1.8545703,1.9635543,1.5986841
138231,1.9241265,2.0524154,1.5982833
138534,1.9302118,1.8700633,1.4954334
138837,1.8646376,1.8713931,1.5520818
139233,2.119155,2.0786052,1.7081299
139839,1.9733942,1.9605906,1.5730085
140319,1.9341946,1.9773725,1.6627942
140824,2.0482903,2.1371074,1.7625632
140925,2.3966513,2.0967765,1.8726671
141119,2.356839,2.238918,1.8096554
141422,1.9089336,1.901773,1.572834
141826,2.0007381,1.9887047,1.6558871
142828,2.1264873,2.1017215,1.6492686
143325,1.9695413,2.0061297,1.6947035
143426,1.931146,1.9517381,1.6414682
144125,1.9063282,1.945374,1.690886
144226,1.9525822,2.0178487,1.7120607
144428,2.1268318,2.412251,1.6907182
144731,1.8278637,1.7828715,1.5378946
144832,1.8463862,1.8823078,1.6635809
145834,1.9716735,1.9594914,1.6502657
146129,1.9308116,1.8953435,1.5967193
146331,2.0087333,1.8711009,1.5333998
146432,2.0640216,2.1058085,1.7397033
146533,2.0244727,1.9405615,1.6401114
146937,1.9218559,1.9565732,1.6230975
147030,1.995665,1.8890543,1.5945194
148133,2.0291817,2.0190625,1.6949713
148335,2.116958,2.1495824,1.7389178
148436,2.0219347,1.9170681,1.5932056
148941,2.0255237,2.0064337,1.5977743
149337,1.9567657,1.9625763,1.5666103
149539,2.0963035,2.1142673,1.7113103
149741,2.2424986,2.1123261,1.6897436
149842,2.0231028,2.0077388,1.6743717
150423,1.9219015,1.9102776,1.5688378
150726,2.2672725,2.2320714,1.8182008
150928,2.0257754,1.9611225,1.5577655
151223,2.1353705,1.9588553,1.6228878
151425,1.9484057,1.9952737,1.7099986
151526,2.1405046,1.9440279,1.5747833
151627,1.7765,1.7678578,1.4883416
151728,2.3493552,2.1143932,1.7286587
151829,1.8632063,1.9074464,1.5464523
152831,2.0360076,1.8810456,1.6089941
153025,1.8650517,1.776701,1.4795058
153227,1.8886741,1.8482423,1.5468557
153429,2.0629869,2.0243416,1.7714756
153631,1.9481355,1.8976532,1.5979536
153732,1.9806076,1.8801794,1.6155177
153833,2.2985358,1.9957641,1.602396
154229,2.272605,2.227866,1.7548467
154431,1.9752848,1.9402922,1.7033353
154532,2.102885,2.0702682,1.738349
154734,2.1152678,2.2259877,1.6800205
154936,2.1609697,1.9805857,1.5729301
155635,2.0710359,1.9698749,1.6197501
156031,2.1655066,2.1482463,1.7237706
156233,2.1412187,2.0350053,1.7069564
156334,1.9211714,1.9564387,1.7382007
156536,1.8697894,1.8416444,1.4629955
156637,2.3278713,2.2674265,1.6908281
157336,1.9030975,1.8921701,1.6317346
157437,2.0632124,1.9762928,1.7293707
157942,1.966378,1.9351733,1.6566739
158035,1.899967,1.8446882,1.5295166
158136,1.964952,1.9686091,1.6139417
158540,1.9778934,2.0113068,1.7487524
158843,1.8953788,1.8516306,1.5041282
159138,2.058679,2.0992823,1.6289892
159239,1.9465724,1.9794196,1.7189258
159441,2.1220467,2.0735798,1.695199
159744,1.8450607,1.9749445,1.7063658
159946,2.186879,1.9188557,1.4869891
160123,2.2041564,2.0047119,1.6723738
160729,1.9682293,1.9306395,1.5973136
160830,2.0062535,1.961256,1.7497969
161630,2.2396734,2.3190544,1.8995624
161731,1.9228675,1.9520065,1.5756776
162026,1.9275515,2.0564935,1.6815519
162228,1.9620708,2.589899,1.5653338
162329,1.9782528,1.8426001,1.6363833
162733,2.0327003,2.0089214,1.6620821
163129,1.9046521,1.9167123,1.5060843
163331,2.1925979,2.0369895,1.6859579
163836,2.1377366,1.9668616,1.5503455
164030,2.158716,2.0217848,1.6184194
164131,2.1520143,1.9367759,1.6739156
164636,1.9893509,1.8967856,1.5089805
164939,1.924796,2.0156517,1.6957206
165032,2.283685,2.139175,1.7429547
165638,1.9905994,1.9525397,1.6060892
165840,2.1400337,2.055505,1.7454083
166640,2.252903,2.1706583,1.7066777
167036,1.7615412,1.8291311,1.5468547
167743,2.0533252,2.0146394,1.6757205
168240,2.1015937,2.0185843,1.7216035
168341,2.1069918,2.108022,1.5665605
168745,1.9619973,1.9337933,1.5888387
169343,2.0681667,1.9626639,1.6076016
169444,1.9590807,1.9386318,1.5957098
169747,2.075591,2.0323253,1.7337711
169949,1.9762708,1.9951183,1.629428
170631,2.1202905,2.2429714,1.728194
171532,2.002285,2.0497684,1.7854321
171633,1.8827292,1.9419786,1.6166086
172029,2.1432884,2.1067853,1.7003691
172130,1.9989262,1.9160652,1.6544416
172332,2.0445607,1.9937378,1.8519562
172433,1.9528699,1.9663363,1.6722374
172534,1.9039192,1.9458864,1.6743622
172938,1.9163039,1.9412484,1.703886
173334,2.003694,1.8900356,1.6288311
173435,1.8119541,1.9130298,1.6001551
173536,1.8646194,1.9064784,1.5599375
173637,2.2680168,2.2883236,1.8045592
173738,2.0616891,2.0138054,1.5803573
173839,1.7775545,1.7831619,1.5392303
173940,1.8117275,1.8612822,1.5603292
174437,1.9872932,2.0379195,1.6549802
174841,2.036233,2.493635,1.6807561
175237,1.8940737,1.864825,1.6370219
175338,1.9836314,1.8607608,1.4749296
175439,2.252557,2.138908,1.7811854
175540,1.9824301,1.9254653,1.5665696
175742,2.0855255,2.0417154,1.6255587
176037,1.8067732,1.8539352,1.5035288
176441,2.1008146,2.0796695,1.6926075
176542,1.789919,1.845874,1.5279522
176744,1.8086765,1.9905314,1.6821384
177241,2.1658902,2.0579815,1.7090082
177645,1.80459,1.9116925,1.6039593
177746,1.9191267,1.9597466,1.644428
178142,2.1260133,1.9674351,1.5315261
178243,2.0499797,1.7937644,1.4384499
178647,2.6640677,2.294883,1.81089
178748,2.0863228,1.8969235,1.6226723
178950,2.1277065,2.10742,1.6796334
179245,1.9147393,1.9644012,1.7149338
179346,1.9603522,1.9858098,1.7222223
180432,1.9046474,1.8497798,1.5708033
180735,1.8256168,1.8406987,1.6494668
180937,2.1607797,2.2788706,1.8128777
181232,1.9564552,1.8659439,1.5210509
181636,2.3278713,2.261073,1.8094695
182032,2.0065598,2.0091991,1.6520374
182436,2.3903031,2.5270677,1.8386629
182739,2.2781603,3.4635053,1.8290479
182840,2.1401277,2.151229,1.7679713
183034,2.294499,2.2073314,1.6898651
183337,2.2257211,2.128411,1.7888405
185139,1.9477409,1.9646742,1.592901
185341,2.123827,2.1738262,1.7589194
185442,2.0992637,2.146511,1.6876739
185846,1.9421415,1.95115,1.607596
185947,2.035756,2.1397412,1.7327875
186141,2.084506,1.9912825,1.6138464
186444,1.865205,1.8109015,1.5285408
187143,2.533884,2.9413805,1.7499526
187345,2.0196986,2.0891101,1.7433714
187547,1.8448147,1.9039856,1.5564237
187850,1.9422624,1.9694802,1.5894337
188347,2.0034616,1.9111218,1.5933495
188448,1.8904839,1.8944354,1.5889778
188549,2.0001385,2.0544155,1.989497
189349,1.9003278,1.8799666,1.5202475
189450,2.025015,2.0252957,1.6030164
190031,1.9336922,1.7513548,1.5275557
191033,1.914851,1.9251798,1.6326735
191336,2.07727,2.1054952,1.7060943
191437,2.1556973,2.106557,1.7228756
191841,1.8478637,1.8503877,1.5649117
191942,1.8601971,1.9387063,1.6959755
192136,2.0612054,2.109264,1.7132958
192439,2.0168104,1.9416138,1.6341655
192540,1.9566541,1.8535444,1.5063486
192641,1.9035772,1.9261097,1.5817873
192843,2.193735,2.0301018,1.6535113
193239,1.7572834,1.9742694,1.6122965
194140,1.9520328,2.0064514,1.7778971
194645,1.7454946,1.7632033,1.5286435
194746,1.8279533,1.8415012,1.4634882
194847,2.2222605,2.2487378,1.7635634
195445,2.0346885,2.0717454,1.774282
195950,1.967927,1.9847587,1.7012566
196144,1.9447272,1.8978109,1.6860079
196346,2.445086,2.1071835,1.7434798
196750,2.0126052,2.0609124,1.6242979
197550,2.0041943,1.9159231,1.5820577
198249,2.2990913,2.084046,1.7469442
198350,1.9412577,2.0160918,1.6941547
198451,1.9722291,1.9142292,1.603796
198653,1.9672809,2.0398095,1.7072077
198855,2.0144787,1.9585202,1.6239855
199150,2.100772,2.1139379,1.7668115
199453,2.0277214,1.9182243,1.6254869
200008,1.8919291,1.9047875,1.5835187
200109,1.7502,1.8638697,1.5831797
200311,2.1966515,1.9856985,1.5630686
200614,2.0164802,1.9475768,1.7629651
200917,2.1876166,2.1712437,1.7564285
201111,2.1161318,1.9860046,1.5554047
201414,1.7302626,1.8493004,1.5501006
201818,1.8482401,1.8717548,1.6121817
202113,2.0585287,2.088298,1.7388201
202719,2.0430427,1.9682072,1.6556972
203418,1.9595872,2.0168626,1.6241882
203923,2.0465002,1.9618508,1.6916671
204016,1.9500285,1.9705473,1.6328049
204319,1.9739386,2.039834,1.6574081
204420,1.9263928,1.9846553,1.631894
204622,2.2436016,2.0380816,1.723091
205119,1.9850302,2.0044641,1.7083149
205220,2.0454285,2.0091662,1.660195
205725,1.86315,1.7961485,1.5666819
206222,1.9845304,2.105925,1.7216132
207426,2.262385,2.026403,1.6414393
208024,2.013434,2.0197213,1.6921949
208125,1.989731,1.846658,1.4832661
208226,1.8694236,1.9171071,1.5527705
208327,2.0897257,2.1185572,1.7083049
209127,2.0072274,1.9924067,1.7764589
209228,1.8912911,1.8885928,1.6586103
209329,1.8204203,1.9285642,1.6650591
209834,2.0853567,1.9578753,1.6645714
209935,1.8562865,1.8228056,1.56159
210011,2.1342382,1.8855553,1.6103544
210415,1.8904731,1.9241618,1.6004891
210617,1.9754344,2.015799,1.6597272
211114,2.287754,2.0943732,1.6301743
211215,2.1445215,2.0535123,1.5862727
211316,1.9833608,1.8781602,1.6191392
211417,1.942061,1.8999366,1.5631398
211922,2.0249085,1.898267,1.5874326
212015,2.0413609,2.0681725,1.6847416
212217,1.8112547,1.8906951,1.5864578
212318,2.0786355,1.9075389,1.6207087
212419,2.023511,2.0547495,1.6781441
212823,1.9661822,1.8995864,1.5552043
213421,2.313057,2.1380286,1.7779706
214019,1.8796797,1.8681684,1.6487159
214221,2.0264606,2.0817919,1.7135768
214423,2.294363,2.2106066,1.8761787
214524,1.8941061,1.8542783,1.5865366
214726,1.9690017,1.9178176,1.6433523
217126,2.0001204,1.8963593,1.6285783
217429,1.9536521,1.9555007,1.5626818
220721,2.2246892,2.0956273,1.7224219
221319,2.223175,2.0234966,1.5928276
223929,2.240314,2.3737977,1.9085759
227432,2.1424499,2.0655923,1.6441789
228434,1.8708975,1.9152372,1.5943139
231928,2.053506,1.925395,1.5703986
233326,2.2665584,2.1547875,1.7627053
236130,1.9326798,1.9864364,1.6449053
237334,2.1457512,2.0360427,1.6999671
239944,1.8640097,1.9536405,1.6577377
245333,1.8623343,1.8920797,1.583972
246133,1.8033881,1.8489738,1.5778279
248339,2.0045547,2.0345216,1.7184503
249947,1.9824991,2.011128,1.644525
250932,1.9211597,1.9719938,1.6705195
251833,2.1908476,2.173489,1.678118
255639,1.8911009,1.8418735,1.4903069
256540,2.1069226,1.9623874,1.607407
257542,1.9797518,1.9778349,1.6885097
257845,1.8948808,1.8303838,1.5499923
263436,2.098588,2.0312066,1.6962576
268749,2.1527324,2.1655807,1.8830671
268850,1.9294902,1.7986913,1.5130017
275645,1.8682618,1.7896222,1.5255109
280739,1.856628,1.834549,1.5626429
280941,2.0541205,2.0361824,1.617079
283543,2.1120448,2.0914047,1.7879425
285345,1.9180243,2.0992186,1.584959
285446,2.008436,1.9782264,1.5640734
286650,2.0549474,1.9948466,1.7786676
287248,2.2730575,2.2647111,1.8544295
289555,1.9397779,1.9136953,1.6015842
290136,1.8596357,1.9347188,1.644903
293748,2.0709689,1.9454085,1.6196162
295146,2.400684,2.279041,1.8125141
297655,2.0682425,1.8520782,1.6507312
298455,2.2463193,2.1334958,1.778858
299154,2.0595686,2.0597453,1.7256799
300618,2.1921797,2.2274013,1.6389587
303119,2.2613554,2.4002295,2.0217264
303624,2.0916018,2.1070113,1.7358443
304020,2.2034087,2.011369,1.7113321
304727,2.124973,2.1436834,1.7971015
305830,2.1453395,2.0667343,1.7819291
308129,1.9272463,1.9855397,1.6474121
308331,2.0531077,1.933677,1.5611473
311320,1.8951731,1.9699266,1.6552032
316633,1.7583945,1.8149931,1.4687788
316835,1.9533737,1.9333993,1.6857533
317332,1.8890815,2.1204681,1.727598
318637,2.2315361,2.2329776,1.8716462
320826,2.0144858,2.039989,1.6700637
321323,2.1156836,2.1857436,1.7925546
322224,2.0160196,1.8992391,1.5675744
329440,2.0620465,1.9342897,1.6644061
330324,1.8267045,1.9108882,1.5489912
333330,1.9966629,1.9323497,1.6484671
336841,2.1539974,1.9681755,1.6581304
339847,1.8855765,1.8956928,1.624428
341834,1.9133954,1.8694403,1.5057865
346945,1.8631456,1.8016467,1.6548703
348545,2.1273637,2.09205,1.7330021
352132,2.189985,2.0494633,1.6896839
352738,2.1600966,2.134671,1.7358189
353740,2.0105371,2.049876,1.7272778
358144,2.0819604,2.1562753,1.7170919
361234,2.0496655,1.9152831,1.5826532
361941,1.9033134,2.200273,1.683126
365343,2.0921164,1.987714,1.6754286
366042,1.9031042,1.8958476,1.516314
366446,2.131944,1.9435296,1.6375849
377451,1.8849072,1.7981294,1.5850074
378857,1.889085,1.9787835,1.694017
379657,1.9048214,1.8875766,1.5572543
380036,2.2006326,2.0231934,1.6998413
381038,1.9239801,2.0143676,1.540238
381543,1.9478354,1.9366968,1.6232411
382242,2.0331025,2.049828,1.6960337
386250,1.8550708,1.9607435,1.5853109
387959,2.1527574,2.201448,1.7444572
393247,2.0954604,2.21743,1.6785964
393550,2.05793,2.2050054,1.8029822
395251,1.9874563,2.0665216,1.688337
395756,1.9698248,1.7951946,1.5921295
395958,1.9427571,1.9927968,1.6519324
397154,1.877104,1.8157771,1.5246367
397760,1.9768975,2.1840434,1.8149763
397861,2.4048076,2.313788,1.8803067
406432,2.1310039,1.9761796,1.5575249
406836,2.013206,2.0607367,1.6940068
412528,1.7969425,1.7808659,1.549991
414229,2.0274677,1.9276911,1.4205065
422632,1.8181012,1.9199895,1.6361611
424939,2.06622,2.2606056,1.803659
432332,1.9057182,1.9239659,1.6349833
436845,1.9834665,1.9851698,1.660386
441939,1.8402607,1.9415547,1.6127756
445543,2.1632748,2.243937,1.8325348
448347,1.9359131,1.8996236,1.5622799
453441,2.0903568,2.0023034,1.5350778
456346,2.004342,1.9887544,1.7010212
459453,2.0079682,2.0892444,1.7298019
467351,1.7841297,1.9254184,1.585449
475855,2.0812082,2.1774848,1.693435
479762,1.9749594,2.1578963,1.7335603
480141,1.9914283,2.0582623,1.7332861
481951,1.9636314,1.9942961,1.6476301
485757,2.194538,2.0362992,1.7363472
486759,2.1578355,2.1616983,1.7391388
495255,2.2136502,2.2193885,1.834783
497865,2.0500336,1.9568269,1.603224
499566,1.8160181,1.8594373,1.587425
500222,2.0594673,1.9150206,1.5855566
506234,2.0032573,2.0163202,1.6311438
510326,2.027864,2.0135818,1.6998538
512835,2.267727,2.1721961,1.7629557
513736,1.7649696,1.939377,1.5870091
517239,2.0086942,1.8868196,1.6565621
519950,1.9838288,1.9842858,1.6075872
520228,2.1010885,2.0238152,1.7174807
523032,1.9613289,2.0623066,1.6582413
524135,1.8734705,1.9515889,1.6230743
529549,2.0111432,2.0220034,1.6443228
529953,2.033807,2.0745497,1.653928
530635,2.2694476,2.1302853,1.6959858
531536,2.010801,2.0643213,1.6797628
536647,2.1705315,2.1148872,1.7267952
540436,2.0852785,2.0011005,1.5814412
541943,2.2705412,2.1001163,1.6671326
545345,2.355958,2.2921755,1.8550773
547046,1.9250088,1.9748183,1.6192596
548250,2.364643,2.0941982,1.6684148
553344,1.8666124,1.8737143,1.5951049
555348,2.152163,1.9678403,1.7057662
555651,1.8889602,1.9669973,1.6259593
557857,1.9959689,1.9625149,1.6618851
559053,2.0372276,2.0137823,1.6002693
561242,2.0504208,2.059201,1.6306632
561444,1.9458569,1.9953301,1.6699994
562345,2.0503895,1.9777873,1.5609777
562446,2.0389397,2.063002,1.6770098
565452,2.0727983,1.8976662,1.5630223
566454,2.0214462,1.90608,1.6034716
567052,1.9947292,2.0385327,1.6557099
567961,1.7588773,1.8117417,1.4395907
568963,1.9114009,1.9346783,1.5775266
570243,1.8541862,1.8605288,1.5049119
571144,1.9925728,2.0308666,1.639298
572045,1.8865832,1.918366,1.5920882
573249,1.8890162,2.1023235,1.6717975
573451,1.9841337,1.8444109,1.5818553
576255,2.33087,2.066543,1.7748301
579665,2.1870184,2.196918,1.7107214
579867,1.9571214,2.193249,1.6482205
580044,1.862356,1.916524,1.5954915
580650,1.9862127,2.16464,1.7018301
580751,2.1541228,2.1269557,1.6182065
581349,1.9006708,1.8541043,1.585639
581450,1.8346838,1.9346955,1.6091173
583858,2.136721,2.2628682,1.6856828
585256,2.0544405,1.9667017,1.7496159
585862,2.1567402,2.1765008,1.6211032
586460,1.9299585,1.8652279,1.496057
587664,1.8349339,2.052366,1.6929705
588565,2.0762243,2.039735,1.6711893
592455,2.4809957,2.286049,1.8429177
594156,1.9057966,1.844722,1.4908756
597869,2.3775842,2.1904035,1.7769432
598568,2.070073,2.1548104,1.7711374
599065,1.74151,1.6584549,1.3902141
599469,1.7976888,1.8875277,1.5481899
601127,1.9881532,2.0367737,1.7327017
604537,1.8352127,1.744833,1.4814162
609143,2.1613126,2.058103,1.679373
611938,2.1650934,2.1872933,1.8272221
613538,1.9822178,1.9911178,1.5964879
614439,2.129517,1.9941094,1.6683917
616645,2.058387,2.0436,1.6823928
618952,2.0564203,2.0162864,1.6132779
620434,1.9449675,1.9196932,1.586663
622236,2.0679338,1.9019325,1.5611814
623844,2.0363183,1.8582253,1.5769753
626648,1.9229242,1.9563129,1.6414046
627549,2.061131,1.982219,1.6261196
627852,2.0763228,2.156611,1.7416801
645450,1.9329319,2.0372434,1.652724
645551,1.8799782,1.9322042,1.6097298
647858,1.8653059,1.9953388,1.6298845
654350,2.1409125,2.054556,1.6876457
654754,1.8905046,1.8207717,1.526892
656253,2.0794759,2.0427797,1.644091
657659,1.7983516,1.7523786,1.4731197
660951,2.122132,2.1392088,1.8058822
663755,2.3061705,2.2279086,1.7799134
664757,1.8492861,1.9956067,1.7177222
665254,2.1957967,2.0995803,1.6468511
667056,2.1025686,2.050333,1.6390502
668361,1.9100437,2.1940699,1.9138567
671855,2.1559792,2.0301347,1.5788258
672756,1.9049308,2.422604,1.7101045
673455,1.8256948,1.9676764,1.7739198
677766,2.1664891,2.1098256,1.704052
677968,2.0015883,2.0281537,1.6923308
679568,1.8457009,1.9061584,1.5465627
679770,1.9861934,2.0386784,1.6705856
680250,1.9966807,2.0284464,1.6108184
680957,2.0042984,1.9725194,1.6783456
683256,1.8902936,1.8761377,1.4977624
685058,2.1220384,2.2169938,1.7683645
687163,2.147121,1.9787767,1.6362553
690152,2.0046048,2.0719314,1.6571522
693764,2.5045621,2.3526046,1.7635111
695768,2.0619378,1.9132893,1.5760605
700634,2.1046324,1.9586024,1.6194723
702133,1.960689,1.9811339,1.6945527
704238,2.0880923,1.8802372,1.5683404
705341,2.1189651,2.096002,1.741313
706040,2.1836433,2.1066186,1.7693357
707749,1.9745338,1.9215028,1.6995361
713239,2.0204682,2.049159,1.7425646
715041,2.0931675,1.924187,1.6821468
715647,1.9989175,1.9154613,1.6189299
720337,2.1346755,2.0058236,1.5547329
724446,1.940932,2.0298781,1.738686
725751,2.2049603,2.3113859,1.8692619
727654,1.8805382,1.9049832,1.6694486
729254,1.9572957,1.8533103,1.6102583
729557,1.9826646,1.9695318,1.6526289
731140,1.903029,1.9575486,1.6525303
732243,1.8994519,1.830334,1.5436804
737960,1.8205636,2.1026678,1.6639354
742549,1.8324082,2.1022956,1.6832075
744553,2.0767825,2.1200933,1.6898323
748258,2.0825412,2.1291857,1.6794446
748662,1.9139471,2.1865335,1.7232404
749058,2.091093,2.0147834,1.8566108
749361,2.1713877,1.9506986,1.6789762
751348,2.0142612,1.9815414,1.5789913
751550,1.905422,1.8828473,1.6942358
753150,2.0730572,2.3140473,1.9032238
753251,2.1175246,2.0955215,1.6502165
756055,2.0550559,2.0397522,1.7060083
759869,2.07014,1.8590074,1.6618681
761957,1.8918393,2.254941,1.5117522
765056,1.9805608,1.8652962,1.4738373
769064,2.0217967,2.018292,1.6526673
770352,1.9238029,1.8559623,1.580482
771354,1.9368432,1.901167,1.644753
779370,2.1482117,1.9441562,1.6134348
782561,1.926865,1.95419,1.5493748
783462,1.9775358,1.9901776,1.6334171
784565,1.9445678,2.0494206,1.7140403
788876,1.9643508,2.023073,1.6942554
789373,1.9506369,1.9723275,1.6201875
792564,2.0888722,2.0372744,1.7498744
792766,2.2583961,2.1487832,1.7914357
792867,2.072379,2.0855134,1.6940761
793465,2.102219,2.0614715,1.732403
800941,2.0396328,2.023148,1.7250328
802844,2.0631647,2.1541042,1.7362952
803240,2.0206761,2.1062415,1.7551485
810843,2.0694356,2.062357,1.7474539
812746,2.047583,2.1596785,1.6778736
814649,2.5422854,2.6754966,2.0747461
816653,1.8239465,1.9190688,1.5654414
818859,2.019722,2.0591774,1.746793
820745,1.9001002,1.8907175,1.5946213
825048,2.0857513,2.0978162,1.7218137
826353,1.8982213,2.0290623,1.6725239
826454,2.1717196,1.9674292,1.5822048
833148,1.9600198,1.8825396,1.6048312
833249,1.948497,1.9153895,1.6904013
835657,1.7821217,1.8486603,1.642527
837560,2.3162715,1.8730394,1.6430742
841349,1.6904777,1.9421309,1.6094472
844961,1.8436546,1.8668591,1.6309369
845458,1.9692385,1.9936402,1.6120856
849264,1.8749994,1.8210008,1.6054522
849971,1.96028,2.0448556,1.7730296
852455,2.1041055,1.9829719,1.6584703
856766,1.9969012,2.030226,1.7649251
856968,2.0896292,1.9708339,1.6754515
859671,2.104421,2.0509949,1.6843928
861456,2.017864,2.0193293,1.7279209
865363,1.9280579,1.8799103,1.6176562
867468,2.0448391,1.925326,1.5723593
870861,1.8317673,1.8392794,1.5508794
871762,2.23032,2.0304437,1.7049507
871964,1.9575707,1.826447,1.5450735
872158,1.9510113,1.9410511,1.7087467
872562,1.8207576,1.9987227,1.6523674
873968,1.8570668,1.8869092,1.5446273
877168,2.0380504,2.022193,1.7234745
877269,1.9417424,1.9619613,1.6685385
878776,1.8505089,2.1755567,1.903531
880157,1.940489,1.8439009,1.5313467
882161,1.9702827,2.036705,1.6496009
885975,1.9504377,1.9491742,1.5906471
887373,1.9376671,1.929343,1.6337357
889579,2.2347786,2.1983104,1.7463946
891667,2.11482,2.1088598,1.7263553
894067,2.2060978,2.1176639,1.7634134
894673,2.0307362,2.0129614,1.6826379
894774,2.0625885,2.0281754,1.7255552
896778,2.125651,1.9808457,1.6801338
896879,1.8385522,1.9316151,1.5152982
898176,2.3070588,2.0920525,1.881356
899885,1.9056737,1.9978249,1.5527236
901038,2.4092987,2.436183,1.8767858
901139,1.9075215,1.8704035,1.5438957
901442,1.9273796,1.874553,1.5269333
904044,1.8992833,1.9739122,1.6272423
907656,1.9892151,1.8318479,1.4937224
910241,2.12584,2.2254663,1.7073061
910443,2.3680773,2.1900048,1.7905086
912447,1.9167258,1.9899802,1.6472625
917255,1.7826724,1.801357,1.5421746
917558,1.8518102,1.9031205,1.7072936
919966,2.0190544,2.0869927,1.6190263
922854,1.9714936,1.8442781,1.6380234
926862,2.11974,2.0153737,1.7062511
927359,2.036038,2.0597715,1.7834394
930449,1.8804959,1.863526,1.5725018
932554,2.3504689,2.1257753,1.6675708
937160,2.3243215,2.0381765,1.6652653
942658,1.9770598,1.963712,1.5553417
947668,2.1645653,2.1820693,1.858706
951457,1.994081,1.9355705,1.6148472
952863,1.8090515,1.8244127,1.5478357
955465,1.9050976,1.9631449,1.5254862
957974,1.9626675,2.0209856,1.6541957
959574,1.9285579,1.7862706,1.5244365
965771,2.463048,2.1789193,1.7953849
966975,1.970226,1.9925773,1.7264102
978578,1.954046,1.9227002,1.695132
979984,2.0370612,1.915844,1.6157165
983773,2.0515952,1.9472761,1.6519746
984472,1.8530656,1.8816624,1.6252885
990366,2.2799797,2.100274,1.8360553
991267,1.9307091,1.9666187,1.6112258
992774,1.866935,1.8645968,1.556463
993675,1.925981,1.9307275,1.5640125
996782,1.764143,1.8135381,1.5688274
